parameter,mean,median,sd,q2.5,q97.5
overall_odds_ratio,0.43081372080983155,0.43070128648137124,0.04958639228608556,0.3338929835906776,0.5285969092961336
