parameter,mean,median,sd,q2.5,q97.5
overall_odds_ratio,0.40469025081547255,0.404522670202572,0.045950586045224256,0.31559501059287937,0.494659664204646
